"trait","meanImp","medianImp","minImp","maxImp","normHits","decision"
"top.geometry.fluo.branchpoint.count.20",0,0,0,0,0,"Rejected"
"top.geometry.fluo.border.length..px..20",0,0,-1.00100150250438,1.00100150250438,0,"Rejected"
"top.geometry.fluo.circumcircle.d..px..20",0.187687781719572,0,0,1.00100150250438,0,"Rejected"
"top.geometry.fluo.hull.centroid.y..px..20",0.0625625939065239,0,0,1.00100150250438,0,"Rejected"
"top.geometry.fluo.hull.centroid.x..px..20",0,0,0,0,0,"Rejected"
"top.geometry.fluo.hull.area..px..20",0.150362722546758,0,-1.00100150250438,1.40480205824375,0,"Rejected"
"top.geometry.fluo.hull.compactness.16.20",0.0625625939065239,0,0,1.00100150250438,0,"Rejected"
"top.geometry.fluo.hull.circularity.20",0.125125187813048,0,0,1.00100150250438,0,"Rejected"
"top.geometry.fluo.hull.length.20",0.062562593906524,0,-1.00100150250438,1.00100150250438,0,"Rejected"
"top.geometry.fluo.hull.fillgrade.....20",0.146985669262178,0,0,1.35076920569046,0,"Rejected"
"top.geometry.fluo.compactness.16.20",0.0625625939065239,0,0,1.00100150250438,0,"Rejected"
"top.geometry.fluo.area..px.2..20",0.187687781719572,0,0,1.00100150250438,0,"Rejected"
"top.geometry.fluo.leaf.length.mean..px..20",0,0,-1.00100150250438,1.00100150250438,0,"Rejected"
"top.geometry.fluo.leaf.curvature.avg.20",-0.125125187813048,0,-1.00100150250438,0,0,"Rejected"
"top.geometry.fluo.leaf.count.20",0,0,0,0,0,"Rejected"
"top.geometry.fluo.hull.points.20",0.0625625939065239,0,0,1.00100150250438,0,"Rejected"
"top.geometry.fluo.leaf.width.mean..px..20",0.125125187813048,0,0,1.00100150250438,0,"Rejected"
"top.geometry.fluo.minrectangle.length.b..px..20",0,0,0,0,0,"Rejected"
"top.geometry.fluo.minrectangle.length.a..px..20",0,0,-1.00100150250438,1.00100150250438,0,"Rejected"
"top.geometry.fluo.hull.pc2..px..20",0.0848288703785965,0,0,1.00100150250438,0,"Rejected"
"top.geometry.fluo.hull.pc1..px..20",0.186020372631203,0,-0.0266785454139063,1.00100150250438,0,"Rejected"
"top.geometry.vis.leaftip.count..leaftips..20",-0.0625625939065239,0,-1.00100150250438,0,0,"Rejected"
"top.intensity.fluo.lab.b.mean.20",0,0,0,0,0,"Rejected"
"top.intensity.fluo.lab.a.mean.20",0,0,0,0,0,"Rejected"
"top.intensity.fluo.lab.l.mean.20",0,0,0,0,0,"Rejected"
"top.intensity.vis.hsv.h.brown2green.20",0.050062093876522,0,-0.200008000480031,1.00100150250438,0,"Rejected"
"top.intensity.nir.mean.20",0.0862022504966049,0,-1.00100150250438,1.37923600794568,0,"Rejected"
"top.intensity.vis.hsv.h.red2green.20",0,0,0,0,0,"Rejected"
"top.intensity.vis.hsv.s.mean.20",-0.0625625939065239,0,-1.00100150250438,0,0,"Rejected"
"top.intensity.vis.hsv.h.yellow2green.20",0,0,0,0,0,"Rejected"
"top.intensity.vis.hsv.h.mean.20",1.38777878078145e-17,0,-1.00100150250438,1.00100150250438,0,"Rejected"
"top.intensity.fluo.intensity.mean.20",0,0,-1.00100150250438,1.00100150250438,0,"Rejected"
"top.intensity.vis.lab.a.mean.20",-0.0625625939065239,0,-1.00100150250438,0,0,"Rejected"
"top.intensity.vis.hsv.v.mean.20",-0.0625625939065239,0,-1.00100150250438,0,0,"Rejected"
"top.intensity.vis.lab.b.mean.20",0.0625625939065239,0,-1.00100150250438,1.00100150250438,0,"Rejected"
"top.intensity.vis.lab.l.mean.20",1.38777878078145e-17,0,-1.00100150250438,1.00100150250438,0,"Rejected"
"top.intensity.vis.rgb.blue.mean.20",0.113965424867033,0,-1.00100150250438,1.00100150250438,0,"Rejected"
"top.intensity.vis.rgb.red.mean.20",-0.0625625939065239,0,-1.00100150250438,0,0,"Rejected"
"top.intensity.vis.rgb.green.mean.20",-0.0625625939065239,0,-1.00100150250438,0,0,"Rejected"
"top.intensity.fluo.hsv.h.mean.20",-0.125125187813048,0,-1.00100150250438,0,0,"Rejected"
"top.intensity.fluo.hsv.v.mean.20",0.0625625939065239,0,0,1.00100150250438,0,"Rejected"
"top.intensity.fluo.hsv.s.mean.20",0,0,-1.00100150250438,1.00100150250438,0,"Rejected"
"top.geometry.fluo.branchpoint.count.21",0,0,0,0,0,"Rejected"
"top.geometry.fluo.border.length..px..21",0.0625625939065239,0,-1.00100150250438,1.00100150250438,0,"Rejected"
"top.geometry.fluo.circumcircle.d..px..21",0.133749528973046,0,-1.00100150250438,1.00100150250438,0,"Rejected"
"top.geometry.fluo.hull.centroid.y..px..21",0.062562593906524,0,-1.00100150250438,1.00100150250438,0,"Rejected"
"top.geometry.fluo.hull.centroid.x..px..21",0,0,0,0,0,"Rejected"
"top.geometry.fluo.hull.area..px..21",0,0,-1.00100150250438,1.00100150250438,0,"Rejected"
"top.geometry.fluo.hull.compactness.16.21",0.0224971565391089,0,-1.00100150250438,1.00100150250438,0,"Rejected"
"top.geometry.fluo.hull.circularity.21",0.125125187813048,0,0,1.00100150250438,0,"Rejected"
"top.geometry.fluo.hull.length.21",0,0,-1.00100150250438,1.00100150250438,0,"Rejected"
"top.geometry.fluo.hull.fillgrade.....21",-0.0420792002488046,0,-1.00100150250438,1.32873580102789,0,"Rejected"
"top.geometry.fluo.compactness.16.21",0.125125187813048,0,0,1.00100150250438,0,"Rejected"
"top.geometry.fluo.area..px.2..21",0.119723729952099,0,-0.0864233257751829,1.00100150250438,0,"Rejected"
"top.geometry.fluo.leaf.length.mean..px..21",0,0,0,0,0,"Rejected"
"top.geometry.fluo.leaf.curvature.avg.21",-0.151071594725265,0,-1.41614401309985,0,0,"Rejected"
"top.geometry.fluo.leaf.count.21",0,0,0,0,0,"Rejected"
"top.geometry.fluo.hull.points.21",0.0625625939065239,0,-1.00100150250438,1.00100150250438,0,"Rejected"
"top.geometry.fluo.leaf.width.mean..px..21",0.0946589924365761,0,-0.487459126023548,1.00100150250438,0,"Rejected"
"top.geometry.fluo.minrectangle.length.b..px..21",-0.0625625939065239,0,-1.00100150250438,0,0,"Rejected"
"top.geometry.fluo.minrectangle.length.a..px..21",-0.125125187813048,0,-1.00100150250438,0,0,"Rejected"
"top.geometry.fluo.hull.pc2..px..21",0.162812071817695,0,0,1.41705050316284,0.00066711140760507,"Rejected"
"top.geometry.fluo.hull.pc1..px..21",0.0625625939065239,0,0,1.00100150250438,0,"Rejected"
"top.geometry.vis.leaftip.count..leaftips..21",0,0,0,0,0,"Rejected"
"top.intensity.fluo.lab.b.mean.21",-0.0625625939065239,0,-1.00100150250438,1.00100150250438,0,"Rejected"
"top.intensity.fluo.lab.a.mean.21",0,0,0,0,0,"Rejected"
"top.intensity.fluo.lab.l.mean.21",0,0,0,0,0,"Rejected"
"top.intensity.vis.hsv.h.brown2green.21",0,0,0,0,0,"Rejected"
"top.intensity.nir.mean.21",0.172783512223599,0,-1.00100150250438,1.41705050316284,0.00133422281521014,"Rejected"
"top.intensity.vis.hsv.h.red2green.21",0,0,0,0,0,"Rejected"
"top.intensity.vis.hsv.s.mean.21",0.00173277312250792,0,0,0.0277243699601268,0,"Rejected"
"top.intensity.vis.hsv.h.yellow2green.21",0.187687781719572,0,0,1.00100150250438,0,"Rejected"
"top.intensity.vis.hsv.h.mean.21",-0.010531348182169,0,-0.168501570914704,0,0,"Rejected"
"top.intensity.fluo.intensity.mean.21",0.0625625939065239,0,-1.00100150250438,1.00100150250438,0,"Rejected"
"top.intensity.vis.lab.a.mean.21",0,0,0,0,0,"Rejected"
"top.intensity.vis.hsv.v.mean.21",0.0625625939065239,0,0,1.00100150250438,0,"Rejected"
"top.intensity.vis.lab.b.mean.21",0,0,0,0,0,"Rejected"
"top.intensity.vis.lab.l.mean.21",-0.0625625939065239,0,-1.00100150250438,0,0,"Rejected"
"top.intensity.vis.rgb.blue.mean.21",-0.0625625939065239,0,-1.00100150250438,0,0,"Rejected"
"top.intensity.vis.rgb.red.mean.21",-0.0625625939065239,0,-1.00100150250438,0,0,"Rejected"
"top.intensity.vis.rgb.green.mean.21",0,0,0,0,0,"Rejected"
"top.intensity.fluo.hsv.h.mean.21",0.0625625939065239,0,0,1.00100150250438,0,"Rejected"
"top.intensity.fluo.hsv.v.mean.21",-0.0625625939065239,0,-1.00100150250438,0,0,"Rejected"
"top.intensity.fluo.hsv.s.mean.21",0.0625625939065239,0,0,1.00100150250438,0,"Rejected"
"top.geometry.fluo.branchpoint.count.22",0,0,0,0,0,"Rejected"
"top.geometry.fluo.border.length..px..22",0,0,0,0,0,"Rejected"
"top.geometry.fluo.circumcircle.d..px..22",0.31281296953262,0,-1.00100150250438,1.00100150250438,0,"Rejected"
"top.geometry.fluo.hull.centroid.y..px..22",0.125125187813048,0,0,1.00100150250438,0,"Rejected"
"top.geometry.fluo.hull.centroid.x..px..22",0,0,0,0,0,"Rejected"
"top.geometry.fluo.hull.area..px..22",-0.125125187813048,0,-1.00100150250438,0,0,"Rejected"
"top.geometry.fluo.hull.compactness.16.22",1.38777878078145e-17,0,-1.00100150250438,1.00100150250438,0,"Rejected"
"top.geometry.fluo.hull.circularity.22",0.204291044775034,0,0,1.29662538565291,0,"Rejected"
"top.geometry.fluo.hull.length.22",-0.187687781719572,0,-1.00100150250438,1.00100150250438,0,"Rejected"
"top.geometry.fluo.hull.fillgrade.....22",0.0625625939065239,0,-1.00100150250438,1.00100150250438,0,"Rejected"
"top.geometry.fluo.compactness.16.22",0,0,0,0,0,"Rejected"
"top.geometry.fluo.area..px.2..22",0.125125187813048,0,-1.00100150250438,1.00100150250438,0,"Rejected"
"top.geometry.fluo.leaf.length.mean..px..22",0.0625625939065239,0,0,1.00100150250438,0,"Rejected"
"top.geometry.fluo.leaf.curvature.avg.22",0.0625625939065239,0,0,1.00100150250438,0,"Rejected"
"top.geometry.fluo.leaf.count.22",0,0,0,0,0,"Rejected"
"top.geometry.fluo.hull.points.22",0,0,0,0,0,"Rejected"
"top.geometry.fluo.leaf.width.mean..px..22",0.271227517433771,0,-1.00100150250438,1.33663577142719,0,"Rejected"
"top.geometry.fluo.minrectangle.length.b..px..22",0.081948086160853,0,0,1.31116937857365,0,"Rejected"
"top.geometry.fluo.minrectangle.length.a..px..22",0.0625625939065239,0,0,1.00100150250438,0,"Rejected"
"top.geometry.fluo.hull.pc2..px..22",-0.125125187813048,0,-1.00100150250438,0,0,"Rejected"
"top.geometry.fluo.hull.pc1..px..22",0.0625625939065239,0,-1.00100150250438,1.00100150250438,0,"Rejected"
"top.geometry.vis.leaftip.count..leaftips..22",-0.0625625939065239,0,-1.00100150250438,0,0,"Rejected"
"top.intensity.fluo.lab.b.mean.22",0.187687781719572,0,0,1.00100150250438,0,"Rejected"
"top.intensity.fluo.lab.a.mean.22",-0.0625625939065239,0,-1.00100150250438,0,0,"Rejected"
"top.intensity.fluo.lab.l.mean.22",0.0625625939065239,0,0,1.00100150250438,0,"Rejected"
"top.intensity.vis.hsv.h.brown2green.22",-1.38777878078145e-17,0,-1.00100150250438,1.00100150250438,0,"Rejected"
"top.intensity.nir.mean.22",0.685396653580543,1.00100150250438,0,1.96743005448041,0.0100066711140761,"Rejected"
"top.intensity.vis.hsv.h.red2green.22",0,0,0,0,0,"Rejected"
"top.intensity.vis.hsv.s.mean.22",-0.125125187813048,0,-1.00100150250438,0,0,"Rejected"
"top.intensity.vis.hsv.h.yellow2green.22",0.0625625939065239,0,0,1.00100150250438,0,"Rejected"
"top.intensity.vis.hsv.h.mean.22",0.0312279708570552,0,-1.00100150250438,1.00100150250438,0,"Rejected"
"top.intensity.fluo.intensity.mean.22",0,0,0,0,0,"Rejected"
"top.intensity.vis.lab.a.mean.22",0.0625625939065239,0,0,1.00100150250438,0,"Rejected"
"top.intensity.vis.hsv.v.mean.22",0,0,0,0,0,"Rejected"
"top.intensity.vis.lab.b.mean.22",-0.125125187813048,0,-1.00100150250438,0,0,"Rejected"
"top.intensity.vis.lab.l.mean.22",0,0,0,0,0,"Rejected"
"top.intensity.vis.rgb.blue.mean.22",-0.125125187813048,0,-1.00100150250438,0,0,"Rejected"
"top.intensity.vis.rgb.red.mean.22",-0.0625625939065239,0,-1.00100150250438,0,0,"Rejected"
"top.intensity.vis.rgb.green.mean.22",0.0625625939065239,0,0,1.00100150250438,0,"Rejected"
"top.intensity.fluo.hsv.h.mean.22",0,0,0,0,0,"Rejected"
"top.intensity.fluo.hsv.v.mean.22",0,0,0,0,0,"Rejected"
"top.intensity.fluo.hsv.s.mean.22",0.0625625939065239,0,-1.00100150250438,1.00100150250438,0,"Rejected"
"top.geometry.fluo.branchpoint.count.23",0.069092061390554,0,0,1.00100150250438,0,"Rejected"
"top.geometry.fluo.border.length..px..23",0,0,0,0,0,"Rejected"
"top.geometry.fluo.circumcircle.d..px..23",0.0625625939065239,0,0,1.00100150250438,0,"Rejected"
"top.geometry.fluo.hull.centroid.y..px..23",0.125125187813048,0,0,1.00100150250438,0,"Rejected"
"top.geometry.fluo.hull.centroid.x..px..23",-0.125125187813048,0,-1.00100150250438,0,0,"Rejected"
"top.geometry.fluo.hull.area..px..23",0,0,0,0,0,"Rejected"
"top.geometry.fluo.hull.compactness.16.23",0.159370863487355,0,0,1.00100150250438,0,"Rejected"
"top.geometry.fluo.hull.circularity.23",0.341964265661536,0,0,1.41677708338093,0.00133422281521014,"Rejected"
"top.geometry.fluo.hull.length.23",-0.0885128373021257,0,-1.41620539683401,1.00100150250438,0,"Rejected"
"top.geometry.fluo.hull.fillgrade.....23",0.0940364112161818,0,0,1.00100150250438,0,"Rejected"
"top.geometry.fluo.compactness.16.23",0.0545601577221641,0,-0.128038978949757,1.00100150250438,0,"Rejected"
"top.geometry.fluo.area..px.2..23",0,0,0,0,0,"Rejected"
"top.geometry.fluo.leaf.length.mean..px..23",-0.0625625939065239,0,-1.00100150250438,0,0,"Rejected"
"top.geometry.fluo.leaf.curvature.avg.23",0,0,0,0,0,"Rejected"
"top.geometry.fluo.leaf.count.23",0,0,0,0,0,"Rejected"
"top.geometry.fluo.hull.points.23",0,0,0,0,0,"Rejected"
"top.geometry.fluo.leaf.width.mean..px..23",0.250250375626096,0,0,1.00100150250438,0,"Rejected"
"top.geometry.fluo.minrectangle.length.b..px..23",0.125125187813048,0,0,1.00100150250438,0,"Rejected"
"top.geometry.fluo.minrectangle.length.a..px..23",0.125125187813048,0,0,1.00100150250438,0,"Rejected"
"top.geometry.fluo.hull.pc2..px..23",-0.0625625939065239,0,-1.00100150250438,0,0,"Rejected"
"top.geometry.fluo.hull.pc1..px..23",0.0625625939065239,0,0,1.00100150250438,0,"Rejected"
"top.geometry.vis.leaftip.count..leaftips..23",0,0,0,0,0,"Rejected"
"top.intensity.fluo.lab.b.mean.23",-0.0625625939065239,0,-1.00100150250438,0,0,"Rejected"
"top.intensity.fluo.lab.a.mean.23",0,0,-1.00100150250438,1.00100150250438,0,"Rejected"
"top.intensity.fluo.lab.l.mean.23",0,0,-1.00100150250438,1.00100150250438,0,"Rejected"
"top.intensity.vis.hsv.h.brown2green.23",-0.125125187813048,0,-1.00100150250438,0,0,"Rejected"
"top.intensity.nir.mean.23",2.11533134766833,2.13339109680207,0,3.67328062152527,0.94996664442962,"Confirmed"
"top.intensity.vis.hsv.h.red2green.23",0,0,0,0,0,"Rejected"
"top.intensity.vis.hsv.s.mean.23",0.125125187813048,0,-1.00100150250438,1.00100150250438,0,"Rejected"
"top.intensity.vis.hsv.h.yellow2green.23",-0.125125187813048,0,-1.00100150250438,0,0,"Rejected"
"top.intensity.vis.hsv.h.mean.23",0.125125187813048,0,0,1.00100150250438,0,"Rejected"
"top.intensity.fluo.intensity.mean.23",-0.036616186994307,0,-1.00100150250438,1.41614401309985,0,"Rejected"
"top.intensity.vis.lab.a.mean.23",0.201749011024845,0,0,1.23372472400859,0.00066711140760507,"Rejected"
"top.intensity.vis.hsv.v.mean.23",-0.0625625939065239,0,-1.00100150250438,0,0,"Rejected"
"top.intensity.vis.lab.b.mean.23",0,0,-1.00100150250438,1.00100150250438,0,"Rejected"
"top.intensity.vis.lab.l.mean.23",-0.125125187813048,0,-1.00100150250438,0,0,"Rejected"
"top.intensity.vis.rgb.blue.mean.23",0,0,0,0,0,"Rejected"
"top.intensity.vis.rgb.red.mean.23",-0.0625625939065239,0,-1.00100150250438,0,0,"Rejected"
"top.intensity.vis.rgb.green.mean.23",-0.125125187813048,0,-1.00100150250438,0,0,"Rejected"
"top.intensity.fluo.hsv.h.mean.23",0,0,0,0,0,"Rejected"
"top.intensity.fluo.hsv.v.mean.23",0,0,-1.00100150250438,1.00100150250438,0,"Rejected"
"top.intensity.fluo.hsv.s.mean.23",0.0786789698271823,0,-1.00100150250438,1.25886351723492,0,"Rejected"
"top.geometry.fluo.branchpoint.count.24",0.0625625939065239,0,0,1.00100150250438,0,"Rejected"
"top.geometry.fluo.border.length..px..24",0,0,0,0,0,"Rejected"
"top.geometry.fluo.circumcircle.d..px..24",-0.0643660637107421,0,-1.00100150250438,0,0,"Rejected"
"top.geometry.fluo.hull.centroid.y..px..24",0.0811878379206354,0,-1.00100150250438,1.70494459633334,0.00066711140760507,"Rejected"
"top.geometry.fluo.hull.centroid.x..px..24",-0.00327140847896419,0,-0.052342535663427,0,0,"Rejected"
"top.geometry.fluo.hull.area..px..24",0.125125187813048,0,0,1.00100150250438,0,"Rejected"
"top.geometry.fluo.hull.compactness.16.24",0.127109196550888,0,-1.00100150250438,1.41076144558759,0.00066711140760507,"Rejected"
"top.geometry.fluo.hull.circularity.24",0.250250375626096,0,0,1.00100150250438,0,"Rejected"
"top.geometry.fluo.hull.length.24",0.0625625939065239,0,0,1.00100150250438,0,"Rejected"
"top.geometry.fluo.hull.fillgrade.....24",0.187687781719572,0,-1.00100150250438,1.00100150250438,0,"Rejected"
"top.geometry.fluo.compactness.16.24",-0.0625625939065239,0,-1.00100150250438,0,0,"Rejected"
"top.geometry.fluo.area..px.2..24",0,0,-1.00100150250438,1.00100150250438,0,"Rejected"
"top.geometry.fluo.leaf.length.mean..px..24",0.250250375626096,0,0,1.00100150250438,0,"Rejected"
"top.geometry.fluo.leaf.curvature.avg.24",0,0,0,0,0,"Rejected"
"top.geometry.fluo.leaf.count.24",0,0,0,0,0,"Rejected"
"top.geometry.fluo.hull.points.24",0,0,0,0,0,"Rejected"
"top.geometry.fluo.leaf.width.mean..px..24",0.187687781719572,0,0,1.00100150250438,0,"Rejected"
"top.geometry.fluo.minrectangle.length.b..px..24",-0.0625625939065239,0,-1.00100150250438,1.00100150250438,0,"Rejected"
"top.geometry.fluo.minrectangle.length.a..px..24",0,0,-1.00100150250438,1.00100150250438,0,"Rejected"
"top.geometry.fluo.hull.pc2..px..24",0.125125187813048,0,-1.00100150250438,1.00100150250438,0,"Rejected"
"top.geometry.fluo.hull.pc1..px..24",-0.0625625939065239,0,-1.00100150250438,1.00100150250438,0,"Rejected"
"top.geometry.vis.leaftip.count..leaftips..24",0,0,0,0,0,"Rejected"
"top.intensity.fluo.lab.b.mean.24",0.278130195762865,0,-1.00100150250438,1.38942503594182,0.00066711140760507,"Rejected"
"top.intensity.fluo.lab.a.mean.24",0.125125187813048,0,0,1.00100150250438,0,"Rejected"
"top.intensity.fluo.lab.l.mean.24",0.31281296953262,0,0,1.00100150250438,0,"Rejected"
"top.intensity.vis.hsv.h.brown2green.24",0.0625625939065239,0,0,1.00100150250438,0,"Rejected"
"top.intensity.nir.mean.24",3.44804953118694,3.44573356809083,1.73050848196511,4.95198868878543,0.999332888592395,"Confirmed"
"top.intensity.vis.hsv.h.red2green.24",-0.0625625939065239,0,-1.00100150250438,0,0,"Rejected"
"top.intensity.vis.hsv.s.mean.24",0.609780807845308,0.212047547610707,0,2.06457530233164,0.00400266844563042,"Rejected"
"top.intensity.vis.hsv.h.yellow2green.24",0,0,0,0,0,"Rejected"
"top.intensity.vis.hsv.h.mean.24",-1.38777878078145e-17,0,-1.00100150250438,1.00100150250438,0,"Rejected"
"top.intensity.fluo.intensity.mean.24",0.187687781719572,0,0,1.00100150250438,0,"Rejected"
"top.intensity.vis.lab.a.mean.24",0.237552258591315,0,-1.00100150250438,1.33096314650452,0.00066711140760507,"Rejected"
"top.intensity.vis.hsv.v.mean.24",0,0,0,0,0,"Rejected"
"top.intensity.vis.lab.b.mean.24",0.147747409866389,0,-1.00100150250438,1.36295705535784,0,"Rejected"
"top.intensity.vis.lab.l.mean.24",-0.0625625939065239,0,-1.00100150250438,0,0,"Rejected"
"top.intensity.vis.rgb.blue.mean.24",0.187687781719572,0,-1.00100150250438,1.00100150250438,0,"Rejected"
"top.intensity.vis.rgb.red.mean.24",1.38777878078145e-17,0,-1.00100150250438,1.00100150250438,0,"Rejected"
"top.intensity.vis.rgb.green.mean.24",-0.125125187813048,0,-1.00100150250438,0,0,"Rejected"
"top.intensity.fluo.hsv.h.mean.24",0,0,0,0,0,"Rejected"
"top.intensity.fluo.hsv.v.mean.24",0.125125187813048,0,0,1.00100150250438,0,"Rejected"
"top.intensity.fluo.hsv.s.mean.24",0.125125187813048,0,0,1.00100150250438,0,"Rejected"
"top.geometry.fluo.branchpoint.count.25",0,0,0,0,0,"Rejected"
"top.geometry.fluo.border.length..px..25",-0.0440112753195025,0,-1.00100150250438,1.29782259989673,0,"Rejected"
"top.geometry.fluo.circumcircle.d..px..25",-0.0369525974638233,0,-1.00100150250438,1.41076144558759,0,"Rejected"
"top.geometry.fluo.hull.centroid.y..px..25",0.0625625939065239,0,0,1.00100150250438,0,"Rejected"
"top.geometry.fluo.hull.centroid.x..px..25",0.0625625939065239,0,0,1.00100150250438,0,"Rejected"
"top.geometry.fluo.hull.area..px..25",0,0,-1.00100150250438,1.00100150250438,0,"Rejected"
"top.geometry.fluo.hull.compactness.16.25",0,0,0,0,0,"Rejected"
"top.geometry.fluo.hull.circularity.25",0.187687781719572,0,0,1.00100150250438,0,"Rejected"
"top.geometry.fluo.hull.length.25",0.0625625939065239,0,0,1.00100150250438,0,"Rejected"
"top.geometry.fluo.hull.fillgrade.....25",0.0386657234789584,0,-1.00100150250438,1.00100150250438,0,"Rejected"
"top.geometry.fluo.compactness.16.25",-1.38777878078145e-17,0,-1.00100150250438,1.00100150250438,0,"Rejected"
"top.geometry.fluo.area..px.2..25",0.0625625939065239,0,0,1.00100150250438,0,"Rejected"
"top.geometry.fluo.leaf.length.mean..px..25",0.0625625939065239,0,-1.00100150250438,1.00100150250438,0,"Rejected"
"top.geometry.fluo.leaf.curvature.avg.25",1.38777878078145e-17,0,-1.00100150250438,1.00100150250438,0,"Rejected"
"top.geometry.fluo.leaf.count.25",0,0,0,0,0,"Rejected"
"top.geometry.fluo.hull.points.25",0,0,0,0,0,"Rejected"
"top.geometry.fluo.leaf.width.mean..px..25",2.77555756156289e-17,0,-1.00100150250438,1.00100150250438,0,"Rejected"
"top.geometry.fluo.minrectangle.length.b..px..25",0,0,-1.00100150250438,1.00100150250438,0,"Rejected"
"top.geometry.fluo.minrectangle.length.a..px..25",-0.250250375626096,0,-1.00100150250438,0,0,"Rejected"
"top.geometry.fluo.hull.pc2..px..25",-0.0625625939065239,0,-1.00100150250438,0,0,"Rejected"
"top.geometry.fluo.hull.pc1..px..25",0,0,0,0,0,"Rejected"
"top.geometry.vis.leaftip.count..leaftips..25",0,0,0,0,0,"Rejected"
"top.intensity.fluo.lab.b.mean.25",0.187687781719572,0,0,1.00100150250438,0,"Rejected"
"top.intensity.fluo.lab.a.mean.25",0.460370497288557,0,0,1.35991894159061,0,"Rejected"
"top.intensity.fluo.lab.l.mean.25",0.400059294963365,0,0,1.41343494533048,0.00066711140760507,"Rejected"
"top.intensity.vis.hsv.h.brown2green.25",-0.125125187813048,0,-1.00100150250438,0,0,"Rejected"
"top.intensity.nir.mean.25",3.56448325522899,3.566593661281,1.9966690881144,5.26332088709576,1,"Confirmed"
"top.intensity.vis.hsv.h.red2green.25",0,0,0,0,0,"Rejected"
"top.intensity.vis.hsv.s.mean.25",1.61359274219158,1.65454678917745,-1.00100150250438,3.0144303860473,0.750500333555704,"Confirmed"
"top.intensity.vis.hsv.h.yellow2green.25",-0.0625625939065239,0,-1.00100150250438,0,0,"Rejected"
"top.intensity.vis.hsv.h.mean.25",-0.0625625939065239,0,-1.00100150250438,1.00100150250438,0,"Rejected"
"top.intensity.fluo.intensity.mean.25",0.125125187813048,0,-1.00100150250438,1.00100150250438,0,"Rejected"
"top.intensity.vis.lab.a.mean.25",0.638922752677911,1.00100150250438,-0.149792002873749,1.66649986362989,0.00200133422281521,"Rejected"
"top.intensity.vis.hsv.v.mean.25",0.0195571643124807,0,-1.00100150250438,1.41170195306648,0.00066711140760507,"Rejected"
"top.intensity.vis.lab.b.mean.25",0.521670752196729,0.639046822633868,-1.00100150250438,1.7143375003558,0.00200133422281521,"Rejected"
"top.intensity.vis.lab.l.mean.25",0.125125187813048,0,0,1.00100150250438,0,"Rejected"
"top.intensity.vis.rgb.blue.mean.25",0.31281296953262,0,0,1.00100150250438,0,"Rejected"
"top.intensity.vis.rgb.red.mean.25",0.0625625939065239,0,-1.00100150250438,1.00100150250438,0,"Rejected"
"top.intensity.vis.rgb.green.mean.25",0,0,-1.00100150250438,1.00100150250438,0,"Rejected"
"top.intensity.fluo.hsv.h.mean.25",-0.0625625939065239,0,-1.00100150250438,0,0,"Rejected"
"top.intensity.fluo.hsv.v.mean.25",0.116438170825492,0,-1.00100150250438,1.41570766814705,0,"Rejected"
"top.intensity.fluo.hsv.s.mean.25",-0.0044885471990579,0,-1.00100150250438,1.00100150250438,0,"Rejected"
"top.geometry.fluo.branchpoint.count.26",-0.0625625939065239,0,-1.00100150250438,0,0,"Rejected"
"top.geometry.fluo.border.length..px..26",0.125125187813048,0,0,1.00100150250438,0,"Rejected"
"top.geometry.fluo.circumcircle.d..px..26",0.125125187813048,0,0,1.00100150250438,0,"Rejected"
"top.geometry.fluo.hull.centroid.y..px..26",0.250250375626096,0,0,1.00100150250438,0,"Rejected"
"top.geometry.fluo.hull.centroid.x..px..26",0,0,0,0,0,"Rejected"
"top.geometry.fluo.hull.area..px..26",0.206400005010566,0,0,1.30039707516029,0,"Rejected"
"top.geometry.fluo.hull.compactness.16.26",-0.187687781719572,0,-1.00100150250438,1.00100150250438,0,"Rejected"
"top.geometry.fluo.hull.circularity.26",-0.0625625939065239,0,-1.00100150250438,0,0,"Rejected"
"top.geometry.fluo.hull.length.26",0,0,0,0,0,"Rejected"
"top.geometry.fluo.hull.fillgrade.....26",0.31281296953262,0,0,1.00100150250438,0,"Rejected"
"top.geometry.fluo.compactness.16.26",0,0,0,0,0,"Rejected"
"top.geometry.fluo.area..px.2..26",-0.0625625939065239,0,-1.00100150250438,1.00100150250438,0,"Rejected"
"top.geometry.fluo.leaf.length.mean..px..26",-0.151108130154686,0,-1.4167285799706,1.00100150250438,0,"Rejected"
"top.geometry.fluo.leaf.curvature.avg.26",0,0,-1.00100150250438,1.00100150250438,0,"Rejected"
"top.geometry.fluo.leaf.count.26",0.187687781719572,0,0,1.00100150250438,0,"Rejected"
"top.geometry.fluo.hull.points.26",0,0,0,0,0,"Rejected"
"top.geometry.fluo.leaf.width.mean..px..26",0.187687781719572,0,-1.00100150250438,1.00100150250438,0,"Rejected"
"top.geometry.fluo.minrectangle.length.b..px..26",0.31281296953262,0,0,1.00100150250438,0,"Rejected"
"top.geometry.fluo.minrectangle.length.a..px..26",0,0,0,0,0,"Rejected"
"top.geometry.fluo.hull.pc2..px..26",0.31281296953262,0,-1.00100150250438,1.00100150250438,0,"Rejected"
"top.geometry.fluo.hull.pc1..px..26",-0.0625625939065239,0,-1.00100150250438,0,0,"Rejected"
"top.geometry.vis.leaftip.count..leaftips..26",0,0,0,0,0,"Rejected"
"top.intensity.fluo.lab.b.mean.26",0.776492274960761,1.00100150250438,0,1.41285987182396,0,"Rejected"
"top.intensity.fluo.lab.a.mean.26",0.739857085819902,1.00100150250438,0,1.36323168025926,0,"Rejected"
"top.intensity.fluo.lab.l.mean.26",0.636377189153767,1.00100150250438,-0.375789435792979,1.55924648712703,0.00333555703802535,"Rejected"
"top.intensity.vis.hsv.h.brown2green.26",-0.0836065800845369,0,-1.00100150250438,1.00100150250438,0,"Rejected"
"top.intensity.nir.mean.26",4.02312363565811,4.0485763089312,2.02640687772521,6.07012029386281,1,"Confirmed"
"top.intensity.vis.hsv.h.red2green.26",0,0,0,0,0,"Rejected"
"top.intensity.vis.hsv.s.mean.26",1.8215061053389,1.85730169961777,0,3.14396739953602,0.861240827218145,"Confirmed"
"top.intensity.vis.hsv.h.yellow2green.26",-0.0625625939065239,0,-1.00100150250438,1.00100150250438,0,"Rejected"
"top.intensity.vis.hsv.h.mean.26",0.194565608580784,0,-1.00100150250438,1.00100150250438,0,"Rejected"
"top.intensity.fluo.intensity.mean.26",0.125125187813048,0,-1.00100150250438,1.00100150250438,0,"Rejected"
"top.intensity.vis.lab.a.mean.26",1.4471459506677,1.48118774717629,-1.00100150250438,2.91179187513904,0.663775850567045,"Confirmed"
"top.intensity.vis.hsv.v.mean.26",0.31126253439614,0,-0.0248069621836675,1.00100150250438,0,"Rejected"
"top.intensity.vis.lab.b.mean.26",0.884472780087582,1.00100150250438,-1.00100150250438,1.86918571503172,0.0220146764509673,"Rejected"
"top.intensity.vis.lab.l.mean.26",-0.0625625939065239,0,-1.00100150250438,0,0,"Rejected"
"top.intensity.vis.rgb.blue.mean.26",0.463524023330722,0,-1.00100150250438,1.44783681853011,0.00133422281521014,"Rejected"
"top.intensity.vis.rgb.red.mean.26",0,0,0,0,0,"Rejected"
"top.intensity.vis.rgb.green.mean.26",0.0625625939065239,0,-1.00100150250438,1.00100150250438,0,"Rejected"
"top.intensity.fluo.hsv.h.mean.26",0,0,0,0,0,"Rejected"
"top.intensity.fluo.hsv.v.mean.26",0.742660078935171,1.00100150250438,0,1.29180207749715,0,"Rejected"
"top.intensity.fluo.hsv.s.mean.26",0.449427404656449,0.63270866613708,-1.00100150250438,1.73596006066831,0.00066711140760507,"Rejected"
"top.geometry.fluo.branchpoint.count.27",0.125125187813048,0,0,1.00100150250438,0,"Rejected"
"top.geometry.fluo.border.length..px..27",0.251507287410605,0,-1.00100150250438,1.2750854682543,0,"Rejected"
"top.geometry.fluo.circumcircle.d..px..27",0.125125187813048,0,0,1.00100150250438,0,"Rejected"
"top.geometry.fluo.hull.centroid.y..px..27",0.187687781719572,0,0,1.00100150250438,0,"Rejected"
"top.geometry.fluo.hull.centroid.x..px..27",0.125125187813048,0,0,1.00100150250438,0,"Rejected"
"top.geometry.fluo.hull.area..px..27",0.0943003424534231,0,-1.00100150250438,1.00100150250438,0,"Rejected"
"top.geometry.fluo.hull.compactness.16.27",0.125125187813048,0,0,1.00100150250438,0,"Rejected"
"top.geometry.fluo.hull.circularity.27",0.125125187813048,0,0,1.00100150250438,0,"Rejected"
"top.geometry.fluo.hull.length.27",0.250250375626096,0,0,1.00100150250438,0,"Rejected"
"top.geometry.fluo.hull.fillgrade.....27",0.250250375626096,0,0,1.00100150250438,0,"Rejected"
"top.geometry.fluo.compactness.16.27",-0.250250375626096,0,-1.00100150250438,0,0,"Rejected"
"top.geometry.fluo.area..px.2..27",0.326202847415698,0,-1.00100150250438,1.57209359331936,0.00066711140760507,"Rejected"
"top.geometry.fluo.leaf.length.mean..px..27",1.38777878078145e-17,0,-1.00100150250438,1.00100150250438,0,"Rejected"
"top.geometry.fluo.leaf.curvature.avg.27",0.203433431551435,0,0,1.2529318998142,0,"Rejected"
"top.geometry.fluo.leaf.count.27",0,0,0,0,0,"Rejected"
"top.geometry.fluo.hull.points.27",-0.0625625939065239,0,-1.00100150250438,0,0,"Rejected"
"top.geometry.fluo.leaf.width.mean..px..27",0.125125187813048,0,0,1.00100150250438,0,"Rejected"
"top.geometry.fluo.minrectangle.length.b..px..27",-0.0625625939065239,0,-1.00100150250438,0,0,"Rejected"
"top.geometry.fluo.minrectangle.length.a..px..27",-1.38777878078145e-17,0,-1.00100150250438,1.00100150250438,0,"Rejected"
"top.geometry.fluo.hull.pc2..px..27",0.468410412464937,0.479674608953735,-1.00100150250438,1.54449180262255,0.00133422281521014,"Rejected"
"top.geometry.fluo.hull.pc1..px..27",0.0625625939065239,0,0,1.00100150250438,0,"Rejected"
"top.geometry.vis.leaftip.count..leaftips..27",0,0,0,0,0,"Rejected"
"top.intensity.fluo.lab.b.mean.27",0.889399934499804,1.00100150250438,0,2.22556363815414,0.0126751167444963,"Rejected"
"top.intensity.fluo.lab.a.mean.27",0.686257550054326,1.00100150250438,-1.4167285799706,2.13481948121917,0.0113408939292862,"Rejected"
"top.intensity.fluo.lab.l.mean.27",0.801658144241498,1.00100150250438,0,2.24998661198109,0.0113408939292862,"Rejected"
"top.intensity.vis.hsv.h.brown2green.27",0,0,0,0,0,"Rejected"
"top.intensity.nir.mean.27",3.69872861108901,3.69781961669377,1.55192332693437,5.34516076000733,1,"Confirmed"
"top.intensity.vis.hsv.h.red2green.27",0,0,0,0,0,"Rejected"
"top.intensity.vis.hsv.s.mean.27",3.32061987310712,3.32902378101163,1.68472246603425,4.97871445837339,1,"Confirmed"
"top.intensity.vis.hsv.h.yellow2green.27",0.250250375626096,0,0,1.00100150250438,0,"Rejected"
"top.intensity.vis.hsv.h.mean.27",0.663496674406321,1.00100150250438,0,1.79719890066855,0.00333555703802535,"Rejected"
"top.intensity.fluo.intensity.mean.27",0.682624509292264,1.00100150250438,0,1.67913615874109,0.0066711140760507,"Rejected"
"top.intensity.vis.lab.a.mean.27",3.22190490353083,3.22464942336712,1.38793754785545,4.72301467451833,0.999332888592395,"Confirmed"
"top.intensity.vis.hsv.v.mean.27",0.388357258252438,0,-1.00100150250438,1.41662750956909,0.00066711140760507,"Rejected"
"top.intensity.vis.lab.b.mean.27",2.30682445755829,2.330753702294,0,3.68302792668008,0.973982655103402,"Confirmed"
"top.intensity.vis.lab.l.mean.27",0.278114327276318,0,0,1.83639486278515,0.00066711140760507,"Rejected"
"top.intensity.vis.rgb.blue.mean.27",0.401095707994304,0,-1.00100150250438,1.4159993503497,0.00066711140760507,"Rejected"
"top.intensity.vis.rgb.red.mean.27",0.0625625939065239,0,-1.00100150250438,1.00100150250438,0,"Rejected"
"top.intensity.vis.rgb.green.mean.27",0.41682427547919,0,0,1.41683160322302,0.00066711140760507,"Rejected"
"top.intensity.fluo.hsv.h.mean.27",0.0625625939065239,0,0,1.00100150250438,0,"Rejected"
"top.intensity.fluo.hsv.v.mean.27",0.862366618649073,1.00100150250438,-1.00100150250438,2.42589172944463,0.0133422281521014,"Rejected"
"top.intensity.fluo.hsv.s.mean.27",0.528622570390205,0.524057945915047,0,1.40383621938688,0,"Rejected"
"top.geometry.fluo.branchpoint.count.28",0.0625625939065239,0,0,1.00100150250438,0,"Rejected"
"top.geometry.fluo.border.length..px..28",0.787383155791943,1.00100150250438,-1.00100150250438,2.27266449275388,0.0106737825216811,"Rejected"
"top.geometry.fluo.circumcircle.d..px..28",0.180908625157486,0,-1.00100150250438,1.00100150250438,0,"Rejected"
"top.geometry.fluo.hull.centroid.y..px..28",0.0625625939065239,0,0,1.00100150250438,0,"Rejected"
"top.geometry.fluo.hull.centroid.x..px..28",0,0,0,0,0,"Rejected"
"top.geometry.fluo.hull.area..px..28",0.740804609696504,1.00100150250438,-1.00100150250438,2.24823125656531,0.00400266844563042,"Rejected"
"top.geometry.fluo.hull.compactness.16.28",0.0625625939065239,0,0,1.00100150250438,0,"Rejected"
"top.geometry.fluo.hull.circularity.28",0.125125187813048,0,0,1.00100150250438,0,"Rejected"
"top.geometry.fluo.hull.length.28",0.296275075972515,0,-1.00100150250438,1.41677708338093,0.00066711140760507,"Rejected"
"top.geometry.fluo.hull.fillgrade.....28",0.125125187813048,0,0,1.00100150250438,0,"Rejected"
"top.geometry.fluo.compactness.16.28",0.434526772463154,0,-1.00100150250438,1.4167285799706,0.00066711140760507,"Rejected"
"top.geometry.fluo.area..px.2..28",0.748624977393028,1.00100150250438,0,2.04413849250725,0.00533689126084056,"Rejected"
"top.geometry.fluo.leaf.length.mean..px..28",0.390558081604194,0,0,1.24392179314518,0,"Rejected"
"top.geometry.fluo.leaf.curvature.avg.28",-0.0625625939065239,0,-1.00100150250438,1.00100150250438,0,"Rejected"
"top.geometry.fluo.leaf.count.28",0.0625625939065239,0,-1.00100150250438,1.00100150250438,0,"Rejected"
"top.geometry.fluo.hull.points.28",0.0625625939065239,0,0,1.00100150250438,0,"Rejected"
"top.geometry.fluo.leaf.width.mean..px..28",0.475099377009876,0,0,1.3960125184197,0.00066711140760507,"Rejected"
"top.geometry.fluo.minrectangle.length.b..px..28",0.267340553452247,0,-1.00100150250438,1.2744443477228,0,"Rejected"
"top.geometry.fluo.minrectangle.length.a..px..28",0.213027828006441,0,-1.00100150250438,1.40644224309428,0,"Rejected"
"top.geometry.fluo.hull.pc2..px..28",1.07229475035024,1.17196966244382,-1.00100150250438,2.43866096895118,0.0733822548365577,"Rejected"
"top.geometry.fluo.hull.pc1..px..28",0.125125187813048,0,0,1.00100150250438,0,"Rejected"
"top.geometry.vis.leaftip.count..leaftips..28",0,0,0,0,0,"Rejected"
"top.intensity.fluo.lab.b.mean.28",1.86658371714064,1.89645342206224,-1.00100150250438,3.25972288353745,0.887925283522348,"Confirmed"
"top.intensity.fluo.lab.a.mean.28",1.09531986554283,1.25110765164531,-1.72525898800173,2.58280655850254,0.495663775850567,"Confirmed"
"top.intensity.fluo.lab.l.mean.28",1.84984282802776,1.89909820427871,0,3.3109418518842,0.863242161440961,"Confirmed"
"top.intensity.vis.hsv.h.brown2green.28",-0.0625625939065239,0,-1.00100150250438,0,0,"Rejected"
"top.intensity.nir.mean.28",4.89685911556406,4.91256618718699,2.95447392961323,6.34177647760063,1,"Confirmed"
"top.intensity.vis.hsv.h.red2green.28",0,0,0,0,0,"Rejected"
"top.intensity.vis.hsv.s.mean.28",4.89080050015173,4.91351653049794,3.31780141497232,6.79884761707385,1,"Confirmed"
"top.intensity.vis.hsv.h.yellow2green.28",0.26896259891709,0,-1.00100150250438,1.30039707516029,0,"Rejected"
"top.intensity.vis.hsv.h.mean.28",0.72168620556365,1.00100150250438,0,2.21120364992626,0.00400266844563042,"Rejected"
"top.intensity.fluo.intensity.mean.28",1.12896980472886,1.26634878680567,-1.41705050316284,2.91193195671779,0.494996664442962,"Confirmed"
"top.intensity.vis.lab.a.mean.28",3.70322704849758,3.70462814620304,2.014256381777,5.38575392463906,1,"Confirmed"
"top.intensity.vis.hsv.v.mean.28",0.77364082518986,1.00100150250438,-1.00100150250438,2.18421302961589,0.0106737825216811,"Rejected"
"top.intensity.vis.lab.b.mean.28",2.95711359447168,2.97407278581344,1.24563391695614,4.29687858461273,0.99866577718479,"Confirmed"
"top.intensity.vis.lab.l.mean.28",0.765568057749032,1.00100150250438,0,2.62217401996575,0.00600400266844563,"Rejected"
"top.intensity.vis.rgb.blue.mean.28",0.430811891312916,0,0,1.66453911582321,0.00066711140760507,"Rejected"
"top.intensity.vis.rgb.red.mean.28",0.463047569301899,0,0,1.40275209380409,0,"Rejected"
"top.intensity.vis.rgb.green.mean.28",0.892129614046724,1.00100150250438,-1.00100150250438,2.17640920794136,0.0100066711140761,"Rejected"
"top.intensity.fluo.hsv.h.mean.28",0.052494075696754,0,0,0.505616252197035,0,"Rejected"
"top.intensity.fluo.hsv.v.mean.28",1.44306334830641,1.45929594474927,-1.00100150250438,3.26255693334982,0.672448298865911,"Confirmed"
"top.intensity.fluo.hsv.s.mean.28",0.385203309970008,0,-1.00100150250438,1.41285987182396,0.00066711140760507,"Rejected"
"top.geometry.fluo.branchpoint.count.29",0,0,0,0,0,"Rejected"
"top.geometry.fluo.border.length..px..29",1.61217238890744,1.66459724827464,-0.424095095221415,3.35070703444596,0.762508338892595,"Confirmed"
"top.geometry.fluo.circumcircle.d..px..29",0.125125187813048,0,-1.00100150250438,1.00100150250438,0,"Rejected"
"top.geometry.fluo.hull.centroid.y..px..29",0.0625625939065239,0,0,1.00100150250438,0,"Rejected"
"top.geometry.fluo.hull.centroid.x..px..29",0,0,0,0,0,"Rejected"
"top.geometry.fluo.hull.area..px..29",1.12717450252647,1.26071039453832,-1.00100150250438,2.7146904496807,0.469646430953969,"Confirmed"
"top.geometry.fluo.hull.compactness.16.29",0.0625625939065239,0,0,1.00100150250438,0,"Rejected"
"top.geometry.fluo.hull.circularity.29",0.187687781719572,0,0,1.00100150250438,0,"Rejected"
"top.geometry.fluo.hull.length.29",0.554048634997736,0.828744617590664,-0.150664008188356,1.35194391794451,0,"Rejected"
"top.geometry.fluo.hull.fillgrade.....29",0.519317487166716,0.500500751252191,0,1.30206927713678,0,"Rejected"
"top.geometry.fluo.compactness.16.29",0.553680085681748,0.734144778112713,0,1.38458279965625,0,"Rejected"
"top.geometry.fluo.area..px.2..29",1.6242563573055,1.68340570974557,0,3.24497408620595,0.769179452968646,"Confirmed"
"top.geometry.fluo.leaf.length.mean..px..29",0.899344472552797,1.00100150250438,-1.00100150250438,2.06809037881584,0.0433622414943296,"Rejected"
"top.geometry.fluo.leaf.curvature.avg.29",-0.250250375626096,0,-1.00100150250438,0,0,"Rejected"
"top.geometry.fluo.leaf.count.29",-0.0625625939065239,0,-1.00100150250438,0,0,"Rejected"
"top.geometry.fluo.hull.points.29",-1.38777878078145e-17,0,-1.00100150250438,1.00100150250438,0,"Rejected"
"top.geometry.fluo.leaf.width.mean..px..29",0.36826078474016,0.0261712678317135,0,1.19620904352928,0,"Rejected"
"top.geometry.fluo.minrectangle.length.b..px..29",0.820450011389144,1.00100150250438,0,1.85140266819428,0.00200133422281521,"Rejected"
"top.geometry.fluo.minrectangle.length.a..px..29",0.22023451361456,0,0,1.41493875815688,0.00066711140760507,"Rejected"
"top.geometry.fluo.hull.pc2..px..29",1.92186827706522,1.92623310905124,0,3.50331560913938,0.894596397598399,"Confirmed"
"top.geometry.fluo.hull.pc1..px..29",0.212267673883835,0,0,1.3942797771326,0,"Rejected"
"top.geometry.vis.leaftip.count..leaftips..29",0,0,0,0,0,"Rejected"
"top.intensity.fluo.lab.b.mean.29",2.91916977966331,2.92612896282266,1.00100150250438,4.34316213788474,0.99866577718479,"Confirmed"
"top.intensity.fluo.lab.a.mean.29",2.87060394359332,2.89335086611046,1.18872043321133,4.34808398193832,0.997998665777185,"Confirmed"
"top.intensity.fluo.lab.l.mean.29",2.89839144702295,2.90966543034377,1.00100150250438,4.42810972931778,0.99733155436958,"Confirmed"
"top.intensity.vis.hsv.h.brown2green.29",0.187687781719572,0,-1.00100150250438,1.00100150250438,0,"Rejected"
"top.intensity.nir.mean.29",4.93632605340417,4.95682555768555,2.45203074532243,6.74997021940257,1,"Confirmed"
"top.intensity.vis.hsv.h.red2green.29",0,0,0,0,0,"Rejected"
"top.intensity.vis.hsv.s.mean.29",4.91026336213336,4.92656990619454,2.30085532502642,6.49503689504182,1,"Confirmed"
"top.intensity.vis.hsv.h.yellow2green.29",0.67683138420065,1.00100150250438,-1.00100150250438,1.69958577991042,0.00733822548365577,"Rejected"
"top.intensity.vis.hsv.h.mean.29",0.655393729976001,1.00100150250438,-1.00100150250438,1.70248978915256,0.00133422281521014,"Rejected"
"top.intensity.fluo.intensity.mean.29",2.0502609293309,2.08032849009876,0,3.79601775863772,0.933955970647098,"Confirmed"
"top.intensity.vis.lab.a.mean.29",3.70458258821343,3.7216484390973,1.70405025243177,5.38236693259735,1,"Confirmed"
"top.intensity.vis.hsv.v.mean.29",1.11930169277329,1.16906891019792,-1.00100150250438,2.57448567226167,0.230820547031354,"Rejected"
"top.intensity.vis.lab.b.mean.29",3.03389590154908,3.0463778843379,1.00100150250438,4.59647894322126,0.999332888592395,"Confirmed"
"top.intensity.vis.lab.l.mean.29",0.803349172291111,1.00100150250438,-1.00100150250438,2.19944758223535,0.00867244829886591,"Rejected"
"top.intensity.vis.rgb.blue.mean.29",0.515204996622869,0,-1.00100150250438,1.70562652367556,0.00266844563042028,"Rejected"
"top.intensity.vis.rgb.red.mean.29",0.461795981771275,0,0,1.41626075194329,0.00066711140760507,"Rejected"
"top.intensity.vis.rgb.green.mean.29",1.10666621415836,1.16250311468569,-1.00100150250438,2.48684081328442,0.157438292194797,"Rejected"
"top.intensity.fluo.hsv.h.mean.29",0,0,-1.00100150250438,1.00100150250438,0,"Rejected"
"top.intensity.fluo.hsv.v.mean.29",2.91884387110388,2.92889310889291,1.00100150250438,4.45727341577551,0.99866577718479,"Confirmed"
"top.intensity.fluo.hsv.s.mean.29",0.428885325058662,0,0,1.61953012187473,0.00133422281521014,"Rejected"
"top.geometry.fluo.branchpoint.count.30",-0.125125187813048,0,-1.00100150250438,0,0,"Rejected"
"top.geometry.fluo.border.length..px..30",1.17755059845284,1.30962655935718,-1.00100150250438,2.93020525115802,0.490993995997332,"Confirmed"
"top.geometry.fluo.circumcircle.d..px..30",0.31281296953262,0,0,1.00100150250438,0,"Rejected"
"top.geometry.fluo.hull.centroid.y..px..30",0.187687781719572,0,0,1.00100150250438,0,"Rejected"
"top.geometry.fluo.hull.centroid.x..px..30",0,0,0,0,0,"Rejected"
"top.geometry.fluo.hull.area..px..30",1.95106998279919,1.95956466432093,-1.00100150250438,3.41329863194595,0.90660440293529,"Confirmed"
"top.geometry.fluo.hull.compactness.16.30",0.0625625939065239,0,-1.00100150250438,1.00100150250438,0,"Rejected"
"top.geometry.fluo.hull.circularity.30",0.270670914977887,0,-1.00100150250438,1.40480205824375,0.00066711140760507,"Rejected"
"top.geometry.fluo.hull.length.30",1.15896395292299,1.27113894287837,-1.00100150250438,3.0464329022066,0.471647765176785,"Confirmed"
"top.geometry.fluo.hull.fillgrade.....30",0.375375563439144,0,0,1.00100150250438,0,"Rejected"
"top.geometry.fluo.compactness.16.30",0.0861171835110099,0,0,1.37787493617616,0,"Rejected"
"top.geometry.fluo.area..px.2..30",2.27512091275712,2.27760047032841,0,3.71849961086787,0.971981320880587,"Confirmed"
"top.geometry.fluo.leaf.length.mean..px..30",0.793852992944314,1.00100150250438,-1.00100150250438,1.99267816230502,0.0180120080053369,"Rejected"
"top.geometry.fluo.leaf.curvature.avg.30",0.507973146734428,0.0806164475755557,-0.104471479744481,1.4159993503497,0.00133422281521014,"Rejected"
"top.geometry.fluo.leaf.count.30",-0.0625625939065239,0,-1.00100150250438,0,0,"Rejected"
"top.geometry.fluo.hull.points.30",0.174224544640975,0,-0.661983064597642,1.00100150250438,0,"Rejected"
"top.geometry.fluo.leaf.width.mean..px..30",0.838294786926955,1.00100150250438,0,1.64715698983269,0.00333555703802535,"Rejected"
"top.geometry.fluo.minrectangle.length.b..px..30",0.876888287930166,1.00100150250438,-1.00100150250438,1.97208027451035,0.0166777851901268,"Rejected"
"top.geometry.fluo.minrectangle.length.a..px..30",0.573073142481047,1.00100150250438,0,1.16115825966168,0,"Rejected"
"top.geometry.fluo.hull.pc2..px..30",3.02320964963826,3.04496455940579,1.38458279965625,4.48136035075096,0.999332888592395,"Confirmed"
"top.geometry.fluo.hull.pc1..px..30",0.125125187813048,0,-1.00100150250438,1.00100150250438,0,"Rejected"
"top.geometry.vis.leaftip.count..leaftips..30",-0.0625625939065239,0,-1.00100150250438,0,0,"Rejected"
"top.intensity.fluo.lab.b.mean.30",2.91200180069204,2.91486989518788,0.920069122291938,4.38810297135346,0.996664442961975,"Confirmed"
"top.intensity.fluo.lab.a.mean.30",2.28470203098903,2.30612426632651,0,4.30696703220049,0.955970647098065,"Confirmed"
"top.intensity.fluo.lab.l.mean.30",2.91459436278116,2.90728448612189,1.00100150250438,4.50246340457508,0.99866577718479,"Confirmed"
"top.intensity.vis.hsv.h.brown2green.30",0.0848795615784854,0,-1.00100150250438,1.35807298525577,0,"Rejected"
"top.intensity.nir.mean.30",4.92399048150657,4.92776337623001,2.83180228171431,6.67670025992955,1,"Confirmed"
"top.intensity.vis.hsv.h.red2green.30",-0.0625625939065239,0,-1.00100150250438,0,0,"Rejected"
"top.intensity.vis.hsv.s.mean.30",4.89538138150365,4.91732563129945,2.75506990837153,6.41641401836352,1,"Confirmed"
"top.intensity.vis.hsv.h.yellow2green.30",0.062562593906524,0,-1.00100150250438,1.00100150250438,0,"Rejected"
"top.intensity.vis.hsv.h.mean.30",0.439408486556369,0,0,1.72619169939931,0.00066711140760507,"Rejected"
"top.intensity.fluo.intensity.mean.30",1.92751225128376,1.95648998822887,-1.00100150250438,3.42729570880616,0.892595063375584,"Confirmed"
"top.intensity.vis.lab.a.mean.30",3.24481998205926,3.26773682942867,1.5685664029939,4.69241560678446,0.999332888592395,"Confirmed"
"top.intensity.vis.hsv.v.mean.30",1.09689343240081,1.00100150250438,0,2.76161913200422,0.0793862575050033,"Rejected"
"top.intensity.vis.lab.b.mean.30",3.70657590692829,3.71602967208497,1.92449931349384,5.53234977024483,1,"Confirmed"
"top.intensity.vis.lab.l.mean.30",0.850495151650073,1.00100150250438,-1.00100150250438,2.00952816874188,0.0113408939292862,"Rejected"
"top.intensity.vis.rgb.blue.mean.30",2.02113098385704,2.04636078143398,0,3.48235625917405,0.925283522348232,"Confirmed"
"top.intensity.vis.rgb.red.mean.30",0,0,0,0,0,"Rejected"
"top.intensity.vis.rgb.green.mean.30",1.05620898121366,1.00100150250438,-0.0864233257751847,2.77531969974803,0.0780520346897932,"Rejected"
"top.intensity.fluo.hsv.h.mean.30",0.125125187813048,0,0,1.00100150250438,0,"Rejected"
"top.intensity.fluo.hsv.v.mean.30",2.90183169181658,2.91380426662529,1.23752998822283,4.2331634470144,0.99866577718479,"Confirmed"
"top.intensity.fluo.hsv.s.mean.30",0.597046829263819,0.49518204764355,-1.00100150250438,1.96947014239555,0.00333555703802535,"Rejected"
"top.geometry.fluo.branchpoint.count.31",0,0,-1.00100150250438,1.00100150250438,0,"Rejected"
"top.geometry.fluo.border.length..px..31",0.59879907234458,1.00100150250438,0,1.31621659994283,0,"Rejected"
"top.geometry.fluo.circumcircle.d..px..31",0.0625625939065239,0,0,1.00100150250438,0,"Rejected"
"top.geometry.fluo.hull.centroid.y..px..31",0.250250375626096,0,0,1.00100150250438,0,"Rejected"
"top.geometry.fluo.hull.centroid.x..px..31",0,0,-1.00100150250438,1.00100150250438,0,"Rejected"
"top.geometry.fluo.hull.area..px..31",1.64899769075643,1.68913878017106,0,3.3923290377484,0.785857238158773,"Confirmed"
"top.geometry.fluo.hull.compactness.16.31",0.0625625939065239,0,0,1.00100150250438,0,"Rejected"
"top.geometry.fluo.hull.circularity.31",0.125125187813048,0,-1.00100150250438,1.00100150250438,0,"Rejected"
"top.geometry.fluo.hull.length.31",0.870476214828649,1.00100150250438,0,1.96856292422821,0.0180120080053369,"Rejected"
"top.geometry.fluo.hull.fillgrade.....31",0.250250375626096,0,0,1.00100150250438,0,"Rejected"
"top.geometry.fluo.compactness.16.31",0,0,0,0,0,"Rejected"
"top.geometry.fluo.area..px.2..31",2.29493653952605,2.29299270650052,0,3.80106413997318,0.974649766511007,"Confirmed"
"top.geometry.fluo.leaf.length.mean..px..31",0.525824502095717,0.500500751252191,0,1.4061815160008,0,"Rejected"
"top.geometry.fluo.leaf.curvature.avg.31",0.851198261950382,1.00100150250438,0,1.8956887677893,0.0146764509673115,"Rejected"
"top.geometry.fluo.leaf.count.31",-0.0625625939065239,0,-1.00100150250438,0,0,"Rejected"
"top.geometry.fluo.hull.points.31",0.409829206036566,0,0,1.41675431502912,0.00133422281521014,"Rejected"
"top.geometry.fluo.leaf.width.mean..px..31",0.64718405479785,1.00100150250438,-1.00100150250438,1.80574873060366,0.00533689126084056,"Rejected"
"top.geometry.fluo.minrectangle.length.b..px..31",0.39550664846058,0,-1.00100150250438,1.32309886284737,0,"Rejected"
"top.geometry.fluo.minrectangle.length.a..px..31",0.515761477245023,0,0,1.41607569277225,0.00200133422281521,"Rejected"
"top.geometry.fluo.hull.pc2..px..31",1.12959880991495,1.23046048433873,-1.00100150250438,2.39272755231022,0.357571714476318,"Rejected"
"top.geometry.fluo.hull.pc1..px..31",0.187687781719572,0,0,1.00100150250438,0,"Rejected"
"top.geometry.vis.leaftip.count..leaftips..31",0,0,0,0,0,"Rejected"
"top.intensity.fluo.lab.b.mean.31",0.402814602373366,0,-1.00100150250438,1.61783495453244,0.00066711140760507,"Rejected"
"top.intensity.fluo.lab.a.mean.31",0.233146503584856,0,-1.00100150250438,1.24481087234148,0.00066711140760507,"Rejected"
"top.intensity.fluo.lab.l.mean.31",0.503590316148316,0.705113540985746,-1.00100150250438,1.5977851807365,0.00466977985323549,"Rejected"
"top.intensity.vis.hsv.h.brown2green.31",0.0859279676101774,0,-1.00100150250438,1.29782259989672,0,"Rejected"
"top.intensity.nir.mean.31",4.89003313813844,4.90613096191206,2.69981177810215,6.74580658420501,1,"Confirmed"
"top.intensity.vis.hsv.h.red2green.31",0,0,-1.00100150250438,1.00100150250438,0,"Rejected"
"top.intensity.vis.hsv.s.mean.31",3.24254793911733,3.25585982869159,1.72636237548493,4.6611647234451,1,"Confirmed"
"top.intensity.vis.hsv.h.yellow2green.31",0.670002708381843,1.00100150250438,-1.70923680803459,2.43404695024871,0.0133422281521014,"Rejected"
"top.intensity.vis.hsv.h.mean.31",-0.0625625939065239,0,-1.00100150250438,0,0,"Rejected"
"top.intensity.fluo.intensity.mean.31",0.434846948261856,0,0,1.46584036850396,0.00133422281521014,"Rejected"
"top.intensity.vis.lab.a.mean.31",0.989601674816996,1.00100150250438,-1.00100150250438,2.39046217013395,0.0246831220813876,"Rejected"
"top.intensity.vis.hsv.v.mean.31",-0.0625625939065239,0,-1.00100150250438,0,0,"Rejected"
"top.intensity.vis.lab.b.mean.31",1.1082100243767,1.21446541889315,-1.00100150250438,2.59186305781161,0.461641094062708,"Confirmed"
"top.intensity.vis.lab.l.mean.31",0.121728137619943,0,-0.054352803089682,1.00100150250438,0,"Rejected"
"top.intensity.vis.rgb.blue.mean.31",2.22513088408933,2.23966973848408,0,3.89517063269189,0.962641761174116,"Confirmed"
"top.intensity.vis.rgb.red.mean.31",0.312797203706548,0,-1.00100150250438,1.00100150250438,0,"Rejected"
"top.intensity.vis.rgb.green.mean.31",-0.0625625939065239,0,-1.00100150250438,0,0,"Rejected"
"top.intensity.fluo.hsv.h.mean.31",0.250250375626096,0,0,1.00100150250438,0,"Rejected"
"top.intensity.fluo.hsv.v.mean.31",0.364313381619326,0,-1.00100150250438,1.40231900508359,0.00133422281521014,"Rejected"
"top.intensity.fluo.hsv.s.mean.31",0.085375487014943,0,-1.00100150250438,1.36600779223909,0,"Rejected"
